file,pat,block,diag,ch,zone
001436_02_NT+MS+LT,NT,1,ML,G,1
001436_02_NT+MS+LT,MS,2,GBM,G,2
001436_02_NT+MS+LT,LT,3,GBM,G,3
001436_03_DI+MT+SO+HT+PH,DI1,1,GBM,G,1
001436_03_DI+MT+SO+HT+PH,MT1,2,ML,G,2
001436_03_DI+MT+SO+HT+PH,SO,3,ML,G,3
001436_03_DI+MT+SO+HT+PH,HT,4,ML,G,4
001436_03_DI+MT+SO+HT+PH,PH,5,C,G,5
001436_04_IDtr+ZS+DN+HS+YD,IDtr ,1,GBM,G,1
001436_04_IDtr+ZS+DN+HS+YD,ZS,2,ML,G,2
001436_04_IDtr+ZS+DN+HS+YD,DN1,3,C,G,3
001436_04_IDtr+ZS+DN+HS+YD,HS,4,GBM,G,4
001436_04_IDtr+ZS+DN+HS+YD,YD1,5,C,G,5
001436_08_RI+FM+MP+EH+KB,RI1,1,GBM,G,1
001436_08_RI+FM+MP+EH+KB,FM,2,MB,G,2
001436_08_RI+FM+MP+EH+KB,MP,3,GBM,G,3
001436_08_RI+FM+MP+EH+KB,EH1,4,G,G,4
001436_08_RI+FM+MP+EH+KB,KB,5,G,G,5
001436_09_LB+SP+ER+NS+DG,LB,1,ML,G,1
001436_09_LB+SP+ER+NS+DG,SP1,2,MB,G,2
001436_09_LB+SP+ER+NS+DG,ER,3,ML,G,3
001436_09_LB+SP+ER+NS+DG,NS,4,G,G,4
001436_09_LB+SP+ER+NS+DG,DG1,5,MB,G,5
001436_10_VK,VK,3,GBM,R,1
001436_10_+EH+DG+DI+BS,EH2,1,G,R,2
001436_10_+EH+DG+DI+BS,DG2,2,MB,R,3
001436_10_+EH+DG+DI+BS,DI2,3,GBM,R,4
001436_10_+EH+DG+DI+BS,BS,4,GBMo,R,5
001436_12_RI+MT+DN+YD+SP,RI2,1,GBM,R,1
001436_12_RI+MT+DN+YD+SP,MT2,2,ML,R,2
001436_12_RI+MT+DN+YD+SP,DN2,3,C,R,3
001436_12_RI+MT+DN+YD+SP,YD2,4,C,R,4
001436_12_RI+MT+DN+YD+SP,SP2,5,MB,R,5
001436_13_KVN+EST+VII+RRS+RKD,KVN,1,GBM,R,1
001436_13_KVN+EST+VII+RRS+RKD,EST,2,GBM,R,2
001436_13_KVN+EST+VII+RRS+RKD,VII,3,ML,R,3
001436_13_KVN+EST+VII+RRS+RKD,RRS,4,GBM,R,4
001436_13_KVN+EST+VII+RRS+RKD,RKD,5,C,R,5
001436_13_RKD_again,RKD1,1,C,R,5
001436_14_IGD+MET+GIP,IGD1,1,GBM,R,1
001436_14_IGD+MET+GIP,MET,2,C,R,2
001436_14_IGD+MET+GIP,GIP,3,ML,R,3
001436_14_IGD+DAV+ZAH,IGD2,1,GBM,R,1
001436_14_IGD+DAV+ZAH,DAV,2,GBM,R,4
001436_14_IGD+DAV+ZAH,ZAH,3,GBM,R,5
001436_12_MT+YD,MT3,1,ML,R,2
001436_12_MT+YD,YD3,2,C,R,4
001436_02,NT,1,E,G,1
001436_02,MS,2,E,G,2
001436_02,LT,3,E,G,3
001436_03,DI1,1,E,G,1
001436_03,MT1,2,E,G,2
001436_03,SO,3,E,G,3
001436_03,HT,4,E,G,4
001436_03,PH,5,E,G,5
001436_04,IDtr ,1,E,G,1
001436_04,ZS,2,E,G,2
001436_04,DN1,3,E,G,3
001436_04,HS,4,E,G,4
001436_04,YD1,5,E,G,5
001436_08,RI1,1,E,G,1
001436_08,FM,2,E,G,2
001436_08,MP,3,E,G,3
001436_08,EH1,4,E,G,4
001436_08,KB,5,E,G,5
001436_09,LB,1,E,G,1
001436_09,SP1,2,E,G,2
001436_09,ER,3,E,G,3
001436_09,NS,4,E,G,4
001436_09,DG1,5,E,G,5
001436_10,VK,1,E,R,1
001436_10,EH2,2,E,R,2
001436_10,DG2,3,E,R,3
001436_10,DI2,4,E,R,4
001436_10,BS,5,E,R,5
